Expert Index,Expert Name,Function Description,Primary Expert,Primary Expert Name
0,Syntactic Parser,"Analyzes sentence structure and grammatical relationships, identifying syntactic patterns and parsing complex sentence constructions.",001,Syntactic Structure Expert
1,Grammar Rule Checker,"Validates text against grammatical rules and conventions, detecting violations and ensuring linguistic correctness.",001,Syntactic Structure Expert
2,Sentence Structure Analyzer,"Examines the internal structure of sentences, identifying clauses, phrases, and their hierarchical relationships.",001,Syntactic Structure Expert
3,POS Tagger,"Assigns part-of-speech tags to words, identifying nouns, verbs, adjectives, and other grammatical categories.",001,Syntactic Structure Expert
4,Dependency Parser,"Analyzes grammatical dependencies between words, creating dependency trees to represent syntactic relationships.",001,Syntactic Structure Expert
5,Phrase Structure Parser,"Identifies and analyzes phrase structures, breaking down sentences into constituent phrases and their types.",001,Syntactic Structure Expert
6,Grammar Error Detector,"Detects and identifies grammatical errors in text, providing feedback on syntactic mistakes and inconsistencies.",001,Syntactic Structure Expert
7,Syntactic Pattern Recognizer,"Recognizes recurring syntactic patterns and structures, identifying common grammatical constructions.",001,Syntactic Structure Expert
8,Parse Tree Builder,"Constructs hierarchical parse trees representing the syntactic structure of sentences and phrases.",001,Syntactic Structure Expert
9,Grammar Consistency Checker,"Ensures grammatical consistency across text, checking for coherent use of tenses, voices, and structures.",001,Syntactic Structure Expert
10,Syntactic Ambiguity Resolver,"Resolves syntactic ambiguities in text, choosing the most appropriate grammatical interpretation.",001,Syntactic Structure Expert
11,Grammar Complexity Analyzer,"Analyzes the grammatical complexity of text, measuring syntactic sophistication and structural intricacy.",001,Syntactic Structure Expert
12,Syntactic Style Analyzer,"Analyzes syntactic style patterns, identifying characteristic grammatical features and writing styles.",001,Syntactic Structure Expert
13,Word Sense Disambiguator,"Resolves word sense ambiguities by determining the correct meaning of polysemous words in context.",045,Semantic Understanding Expert
14,Semantic Role Labeler,"Identifies and labels semantic roles of constituents in sentences, determining who did what to whom.",045,Semantic Understanding Expert
15,Concept Relation Analyzer,"Analyzes relationships between concepts, identifying semantic connections and conceptual hierarchies.",045,Semantic Understanding Expert
16,Semantic Similarity Calculator,"Computes semantic similarity between words, phrases, and sentences using various similarity metrics.",045,Semantic Understanding Expert
17,Metaphor Comprehender,"Understands and interprets metaphorical language, identifying figurative expressions and their meanings.",045,Semantic Understanding Expert
18,Semantic Inference Engine,"Performs semantic reasoning and inference, drawing logical conclusions from textual information.",045,Semantic Understanding Expert
19,Contextual Semantic Analyzer,"Analyzes semantic meaning in context, considering surrounding text to determine appropriate interpretations.",045,Semantic Understanding Expert
20,Semantic Frame Identifier,"Identifies semantic frames and frame elements, recognizing structured semantic representations.",045,Semantic Understanding Expert
21,Semantic Consistency Checker,"Ensures semantic consistency across text, detecting contradictions and maintaining coherent meaning.",045,Semantic Understanding Expert
22,Semantic Network Builder,"Constructs semantic networks representing relationships between concepts and entities.",045,Semantic Understanding Expert
23,Semantic Annotator,"Adds semantic annotations to text, marking semantic features and relationships.",045,Semantic Understanding Expert
24,Semantic Parser,"Parses text to extract semantic representations, converting natural language to structured semantic forms.",045,Semantic Understanding Expert
25,Noisy Text Cleaner,"Removes noise and artifacts from text, cleaning corrupted or malformed textual data.",089,Text Processing Expert
26,Text Normalizer,"Normalizes text format and structure, standardizing inconsistent textual representations.",089,Text Processing Expert
27,Tokenizer,"Segments text into tokens, breaking down text into meaningful units for further processing.",089,Text Processing Expert
28,Text Formatter,"Formats and structures text according to specified standards and conventions.",089,Text Processing Expert
29,Character Encoding Handler,"Handles character encoding issues, converting between different encoding formats and resolving encoding problems.",089,Text Processing Expert
30,Text Segmenter,"Segments text into logical units such as sentences, paragraphs, or sections.",089,Text Processing Expert
31,Punctuation Processor,"Processes punctuation marks, handling punctuation normalization and punctuation-based segmentation.",089,Text Processing Expert
32,Case Normalizer,"Normalizes text case, converting between uppercase, lowercase, and title case as needed.",089,Text Processing Expert
33,Special Character Handler,"Handles special characters and symbols, processing non-standard characters and escape sequences.",089,Text Processing Expert
34,Text Deduplicator,"Identifies and removes duplicate text content, ensuring uniqueness in text collections.",089,Text Processing Expert
35,Text Compressor,"Compresses text data while preserving essential information, optimizing storage and transmission.",089,Text Processing Expert
36,Text Repairer,"Repairs corrupted or damaged text, reconstructing missing or malformed textual content.",089,Text Processing Expert
37,Encoding Converter,"Converts text between different encoding formats, ensuring proper character representation.",089,Text Processing Expert
38,Text Validator,"Validates text format and structure, ensuring compliance with specified standards and requirements.",089,Text Processing Expert
39,Text Statistics Calculator,"Calculates various statistical measures of text, providing quantitative analysis of textual properties.",089,Text Processing Expert
40,Code Snippet Analyzer,"Analyzes code snippets and programming constructs, understanding code structure and functionality.",123,Technical Documentation Expert
41,API Documentation Processor,"Processes API documentation, extracting and organizing technical interface information.",123,Technical Documentation Expert
42,Technical Term Identifier,"Identifies and categorizes technical terminology, recognizing domain-specific vocabulary.",123,Technical Documentation Expert
43,Programming Language Detector,"Detects programming languages in code snippets, identifying syntax patterns and language features.",123,Technical Documentation Expert
44,Technical Specification Parser,"Parses technical specifications and requirements, extracting structured information from technical documents.",123,Technical Documentation Expert
45,Code Comment Analyzer,"Analyzes code comments and documentation strings, understanding explanatory text in code.",123,Technical Documentation Expert
46,Technical Document Structure Analyzer,"Analyzes the structure of technical documents, identifying sections, hierarchies, and organizational patterns.",123,Technical Documentation Expert
47,Version Control Info Processor,"Processes version control information, handling commit messages, change logs, and versioning data.",123,Technical Documentation Expert
48,Configuration File Parser,"Parses configuration files and settings, extracting structured configuration information.",123,Technical Documentation Expert
49,Log File Analyzer,"Analyzes log files and system outputs, extracting relevant information from technical logs.",123,Technical Documentation Expert
50,Technical Error Message Processor,"Processes technical error messages and diagnostics, understanding error conditions and solutions.",123,Technical Documentation Expert
51,Technical Documentation Generator,"Generates technical documentation from code and specifications, creating structured technical content.",123,Technical Documentation Expert
52,Language Detector,"Detects the language of text content, identifying the primary language and language variants.",167,Multilingual Processing Expert
53,Cross-lingual Aligner,"Aligns text across different languages, establishing correspondences between multilingual content.",167,Multilingual Processing Expert
54,Multilingual Tokenizer,"Tokenizes text in multiple languages, handling language-specific tokenization requirements.",167,Multilingual Processing Expert
55,Language-specific Processor,"Processes text according to language-specific rules and conventions, adapting to linguistic variations.",167,Multilingual Processing Expert
56,Translation Quality Assessor,"Assesses the quality of translations, evaluating accuracy and fluency of translated content.",167,Multilingual Processing Expert
57,Multilingual Grammar Analyzer,"Analyzes grammar across multiple languages, understanding diverse grammatical structures.",167,Multilingual Processing Expert
58,Cross-lingual Semantic Mapper,"Maps semantic concepts across languages, establishing semantic correspondences in multilingual contexts.",167,Multilingual Processing Expert
59,Multilingual Entity Recognizer,"Recognizes named entities in multiple languages, identifying entities across linguistic boundaries.",167,Multilingual Processing Expert
60,Code-mixed Text Processor,"Processes code-mixed text containing multiple languages, handling multilingual content within single texts.",167,Multilingual Processing Expert
61,Multilingual Sentiment Analyzer,"Analyzes sentiment in multiple languages, understanding emotional content across linguistic contexts.",167,Multilingual Processing Expert
62,Cross-lingual Information Retriever,"Retrieves information across languages, enabling multilingual search and information access.",167,Multilingual Processing Expert
63,Multilingual Text Classifier,"Classifies text in multiple languages, categorizing content regardless of language.",167,Multilingual Processing Expert